ad_id,car_id,user_id,title
1,35,13,Dijual Honda Jazz transmisi Manual tahun 2013
2,41,84,Dijual Honda Civic transmisi Automatic tahun 2018
3,23,92,Dijual Daihatsu Terios transmisi Automatic tahun 2019
4,14,77,Dijual Toyota Calya transmisi Manual tahun 2016
5,37,95,Dijual Honda CR-V transmisi Manual tahun 2017
6,42,39,Dijual Honda Civic transmisi Automatic tahun 2010
7,38,74,Dijual Honda CR-V transmisi Manual tahun 2009
8,28,56,Dijual Daihatsu Xenia transmisi Manual tahun 2017
9,10,25,Dijual Toyota Agya transmisi Automatic tahun 2017
10,5,47,Dijual Toyota Yaris transmisi Automatic tahun 2012
11,47,86,Dijual Suzuki Ertiga transmisi Manual tahun 2018
12,21,15,Dijual Daihatsu Terios transmisi Automatic tahun 2018
13,34,74,Dijual Honda Jazz transmisi Manual tahun 2015
14,18,55,Dijual Daihatsu Ayla transmisi Manual tahun 2015
15,41,74,Dijual Honda Civic transmisi Automatic tahun 2018
16,27,62,Dijual Daihatsu Xenia transmisi Manual tahun 2022
17,43,25,Dijual Honda Civic transmisi Automatic tahun 2013
18,35,61,Dijual Honda Jazz transmisi Manual tahun 2013
19,24,92,Dijual Daihatsu Terios transmisi Automatic tahun 2017
20,20,54,Dijual Daihatsu Ayla transmisi Manual tahun 2017
21,15,88,Dijual Toyota Calya transmisi Manual tahun 2016
22,8,72,Dijual Toyota Agya transmisi Automatic tahun 2016
23,33,34,Dijual Honda Jazz transmisi Manual tahun 2018
24,22,51,Dijual Daihatsu Terios transmisi Automatic tahun 2022
25,6,5,Dijual Toyota Agya transmisi Automatic tahun 2019
26,9,37,Dijual Toyota Agya transmisi Automatic tahun 2022
27,31,43,Dijual Honda Jazz transmisi Manual tahun 2018
28,2,1,Dijual Toyota Yaris transmisi Automatic tahun 2018
29,3,31,Dijual Toyota Yaris transmisi Automatic tahun 2014
30,20,90,Dijual Daihatsu Ayla transmisi Manual tahun 2017
31,6,33,Dijual Toyota Agya transmisi Automatic tahun 2019
32,39,1,Dijual Honda CR-V transmisi Automatic tahun 2016
33,20,42,Dijual Daihatsu Ayla transmisi Manual tahun 2017
34,10,12,Dijual Toyota Agya transmisi Automatic tahun 2017
35,12,16,Dijual Toyota Calya transmisi Manual tahun 2019
36,37,70,Dijual Honda CR-V transmisi Manual tahun 2017
37,20,81,Dijual Daihatsu Ayla transmisi Manual tahun 2017
38,17,70,Dijual Daihatsu Ayla transmisi Manual tahun 2019
39,44,84,Dijual Honda Civic transmisi Automatic tahun 2013
40,48,17,Dijual Suzuki Ertiga transmisi Manual tahun 2016
41,41,48,Dijual Honda Civic transmisi Automatic tahun 2018
42,42,83,Dijual Honda Civic transmisi Automatic tahun 2010
43,9,93,Dijual Toyota Agya transmisi Automatic tahun 2022
44,8,21,Dijual Toyota Agya transmisi Automatic tahun 2016
45,20,62,Dijual Daihatsu Ayla transmisi Manual tahun 2017
46,6,23,Dijual Toyota Agya transmisi Automatic tahun 2019
47,39,63,Dijual Honda CR-V transmisi Automatic tahun 2016
48,26,95,Dijual Daihatsu Xenia transmisi Manual tahun 2019
49,3,87,Dijual Toyota Yaris transmisi Automatic tahun 2014
50,2,88,Dijual Toyota Yaris transmisi Automatic tahun 2018
51,15,76,Dijual Toyota Calya transmisi Manual tahun 2016
52,17,71,Dijual Daihatsu Ayla transmisi Manual tahun 2019
53,35,71,Dijual Honda Jazz transmisi Manual tahun 2013
54,12,28,Dijual Toyota Calya transmisi Manual tahun 2019
55,23,78,Dijual Daihatsu Terios transmisi Automatic tahun 2019
56,4,24,Dijual Toyota Yaris transmisi Automatic tahun 2020
57,22,17,Dijual Daihatsu Terios transmisi Automatic tahun 2022
58,19,14,Dijual Daihatsu Ayla transmisi Manual tahun 2017
59,25,91,Dijual Daihatsu Terios transmisi Automatic tahun 2018
60,12,73,Dijual Toyota Calya transmisi Manual tahun 2019
61,8,66,Dijual Toyota Agya transmisi Automatic tahun 2016
62,47,20,Dijual Suzuki Ertiga transmisi Manual tahun 2018
63,13,55,Dijual Toyota Calya transmisi Manual tahun 2017
64,21,56,Dijual Daihatsu Terios transmisi Automatic tahun 2018
65,30,83,Dijual Daihatsu Xenia transmisi Manual tahun 2018
66,13,41,Dijual Toyota Calya transmisi Manual tahun 2017
67,21,81,Dijual Daihatsu Terios transmisi Automatic tahun 2018
68,28,26,Dijual Daihatsu Xenia transmisi Manual tahun 2017
69,25,63,Dijual Daihatsu Terios transmisi Automatic tahun 2018
70,43,5,Dijual Honda Civic transmisi Automatic tahun 2013
71,16,77,Dijual Daihatsu Ayla transmisi Manual tahun 2016
72,25,39,Dijual Daihatsu Terios transmisi Automatic tahun 2018
73,40,40,Dijual Honda CR-V transmisi Automatic tahun 2018
74,27,98,Dijual Daihatsu Xenia transmisi Manual tahun 2022
75,27,90,Dijual Daihatsu Xenia transmisi Manual tahun 2022
76,16,39,Dijual Daihatsu Ayla transmisi Manual tahun 2016
77,11,72,Dijual Toyota Calya transmisi Automatic tahun 2019
78,34,21,Dijual Honda Jazz transmisi Manual tahun 2015
79,7,99,Dijual Toyota Agya transmisi Automatic tahun 2014
80,14,82,Dijual Toyota Calya transmisi Manual tahun 2016
81,31,63,Dijual Honda Jazz transmisi Manual tahun 2018
82,48,77,Dijual Suzuki Ertiga transmisi Manual tahun 2016
83,50,66,Dijual Suzuki Ertiga transmisi Automatic tahun 2018
84,24,25,Dijual Daihatsu Terios transmisi Automatic tahun 2017
85,2,9,Dijual Toyota Yaris transmisi Automatic tahun 2018
86,48,82,Dijual Suzuki Ertiga transmisi Manual tahun 2016
87,38,59,Dijual Honda CR-V transmisi Manual tahun 2009
88,38,13,Dijual Honda CR-V transmisi Manual tahun 2009
89,42,7,Dijual Honda Civic transmisi Automatic tahun 2010
90,4,66,Dijual Toyota Yaris transmisi Automatic tahun 2020
91,44,16,Dijual Honda Civic transmisi Automatic tahun 2013
92,28,97,Dijual Daihatsu Xenia transmisi Manual tahun 2017
93,21,72,Dijual Daihatsu Terios transmisi Automatic tahun 2018
94,10,81,Dijual Toyota Agya transmisi Automatic tahun 2017
95,42,58,Dijual Honda Civic transmisi Automatic tahun 2010
96,46,100,Dijual Suzuki Ertiga transmisi Manual tahun 2015
97,16,8,Dijual Daihatsu Ayla transmisi Manual tahun 2016
98,27,9,Dijual Daihatsu Xenia transmisi Manual tahun 2022
99,38,33,Dijual Honda CR-V transmisi Manual tahun 2009
100,35,79,Dijual Honda Jazz transmisi Manual tahun 2013
